program,label,avg,V8.TFBytecodeGraphBuilder,V8.TFInlining,V8.TFEarlyTrimming,V8.TFTyper,V8.TFTypedLowering,V8.TFLoopPeeling,V8.TFLoadElimination,V8.TFEscapeAnalysis,V8.TFSimplifiedLowering,V8.TFGenericLowering,V8.TFEarlyOptimization,V8.TFEffectLinearization,V8.TFStoreStoreElimination,V8.TFControlFlowOptimization,V8.TFLateOptimization,V8.TFMemoryOptimization,V8.TFMachineOperatorOptimization,V8.TFDecompressionOptimization,V8.TFLateGraphTrimming
seed,seed,0.735527,0.000000,0.305556,0.759259,0.280488,0.829268,0.569892,0.784946,1.000000,0.602273,0.619835,0.876033,0.689076,0.823529,1.000000,1.000000,0.862385,1.000000,0.972477,1.000000
mutation_1,passing,0.735040,0.000000,0.305556,0.750000,0.280488,0.829268,0.569892,0.784946,1.000000,0.602273,0.619835,0.876033,0.689076,0.823529,1.000000,1.000000,0.862385,1.000000,0.972477,1.000000
mutation_11,passing,0.740528,0.000000,0.355140,0.780952,0.253012,0.795181,0.584158,0.930693,1.000000,0.558559,0.673611,0.895833,0.619355,0.800000,1.000000,1.000000,0.838235,1.000000,0.985294,1.000000
mutation_14,passing,0.736659,0.000000,0.305556,0.759259,0.280488,0.829268,0.591398,0.784946,1.000000,0.602273,0.619835,0.876033,0.689076,0.823529,1.000000,1.000000,0.862385,1.000000,0.972477,1.000000
mutation_16,passing,0.751910,0.000000,0.358974,0.843750,0.240741,0.870370,0.884615,0.920000,1.000000,0.568627,0.534247,0.684932,0.656250,0.859375,1.000000,1.000000,0.881356,1.000000,0.983051,1.000000
mutation_19,passing,0.734498,0.000000,0.311927,0.761468,0.277108,0.831325,0.574468,0.787234,1.000000,0.571429,0.629032,0.870968,0.685950,0.818182,1.000000,1.000000,0.863636,1.000000,0.972727,1.000000
mutation_21,passing,0.735839,0.000000,0.308411,0.775701,0.277108,0.819277,0.569892,0.784946,1.000000,0.602273,0.619835,0.876033,0.689076,0.823529,1.000000,1.000000,0.862385,1.000000,0.972477,1.000000
mutation_22,passing,0.751910,0.000000,0.358974,0.843750,0.240741,0.870370,0.884615,0.920000,1.000000,0.568627,0.534247,0.684932,0.656250,0.859375,1.000000,1.000000,0.881356,1.000000,0.983051,1.000000
mutation_25,passing,0.736659,0.000000,0.305556,0.759259,0.280488,0.829268,0.591398,0.784946,1.000000,0.602273,0.619835,0.876033,0.689076,0.823529,1.000000,1.000000,0.862385,1.000000,0.972477,1.000000
mutation_27,passing,0.718117,0.000000,0.296296,0.759259,0.265060,0.783133,0.565217,0.521739,1.000000,0.606061,0.608696,0.978261,0.630435,0.836957,1.000000,1.000000,0.827586,1.000000,0.965517,1.000000
mutation_28,passing,0.735064,0.000000,0.308411,0.757009,0.283951,0.827160,0.584270,0.786517,1.000000,0.588235,0.610169,0.872881,0.681034,0.818966,1.000000,1.000000,0.876190,1.000000,0.971429,1.000000
mutation_29,passing,0.732979,0.000000,0.294643,0.741071,0.277108,0.831325,0.568421,0.768421,1.000000,0.602273,0.619835,0.876033,0.689076,0.823529,1.000000,1.000000,0.862385,1.000000,0.972477,1.000000
mutation_30,passing,0.736659,0.000000,0.305556,0.759259,0.280488,0.829268,0.591398,0.784946,1.000000,0.602273,0.619835,0.876033,0.689076,0.823529,1.000000,1.000000,0.862385,1.000000,0.972477,1.000000
mutation_32,passing,0.735527,0.000000,0.305556,0.759259,0.280488,0.829268,0.569892,0.784946,1.000000,0.602273,0.619835,0.876033,0.689076,0.823529,1.000000,1.000000,0.862385,1.000000,0.972477,1.000000
mutation_33,passing,0.731207,0.000000,0.302752,0.761468,0.261905,0.797619,0.568421,0.673684,1.000000,0.590361,0.586207,0.982759,0.675214,0.854701,1.000000,1.000000,0.864865,1.000000,0.972973,1.000000
mutation_35,passing,0.736953,0.000000,0.311927,0.761468,0.277108,0.831325,0.595745,0.787234,1.000000,0.584270,0.622951,0.877049,0.691667,0.825000,1.000000,1.000000,0.863636,1.000000,0.972727,1.000000
mutation_36,passing,0.732979,0.000000,0.294643,0.741071,0.277108,0.831325,0.568421,0.768421,1.000000,0.602273,0.619835,0.876033,0.689076,0.823529,1.000000,1.000000,0.862385,1.000000,0.972477,1.000000
mutation_37,passing,0.736846,0.000000,0.308411,0.757009,0.283951,0.839506,0.580645,0.784946,1.000000,0.602273,0.619835,0.876033,0.689076,0.823529,1.000000,1.000000,0.862385,1.000000,0.972477,1.000000
mutation_38,passing,0.717152,0.000000,0.288288,0.738739,0.265060,0.795181,0.574468,0.510638,1.000000,0.606061,0.608696,0.978261,0.630435,0.836957,1.000000,1.000000,0.827586,1.000000,0.965517,1.000000
mutation_39,passing,0.723359,0.000000,0.351852,0.783019,0.247059,0.788235,0.582524,0.495146,1.000000,0.608108,0.630000,0.990000,0.620000,0.850000,1.000000,1.000000,0.819149,1.000000,0.978723,1.000000
mutation_4,passing,0.736659,0.000000,0.305556,0.759259,0.280488,0.829268,0.591398,0.784946,1.000000,0.602273,0.619835,0.876033,0.689076,0.823529,1.000000,1.000000,0.862385,1.000000,0.972477,1.000000
mutation_41,passing,0.734498,0.000000,0.311927,0.761468,0.277108,0.831325,0.574468,0.787234,1.000000,0.571429,0.629032,0.870968,0.685950,0.818182,1.000000,1.000000,0.863636,1.000000,0.972727,1.000000
mutation_42,passing,0.735527,0.000000,0.305556,0.759259,0.280488,0.829268,0.569892,0.784946,1.000000,0.602273,0.619835,0.876033,0.689076,0.823529,1.000000,1.000000,0.862385,1.000000,0.972477,1.000000
mutation_46,passing,0.762775,0.000000,0.365385,0.911765,0.258065,0.516129,0.730769,1.000000,1.000000,0.523810,0.432432,1.000000,0.891892,0.891892,1.000000,1.000000,1.000000,1.000000,0.970588,1.000000
mutation_47,passing,0.736659,0.000000,0.305556,0.759259,0.280488,0.829268,0.591398,0.784946,1.000000,0.602273,0.619835,0.876033,0.689076,0.823529,1.000000,1.000000,0.862385,1.000000,0.972477,1.000000
mutation_48,passing,0.735527,0.000000,0.305556,0.759259,0.280488,0.829268,0.569892,0.784946,1.000000,0.602273,0.619835,0.876033,0.689076,0.823529,1.000000,1.000000,0.862385,1.000000,0.972477,1.000000
mutation_49,passing,0.718117,0.000000,0.296296,0.759259,0.265060,0.783133,0.565217,0.521739,1.000000,0.606061,0.608696,0.978261,0.630435,0.836957,1.000000,1.000000,0.827586,1.000000,0.965517,1.000000
mutation_5,passing,0.718890,0.000000,0.299065,0.775701,0.261905,0.773810,0.565217,0.521739,1.000000,0.606061,0.597826,0.978261,0.645161,0.838710,1.000000,1.000000,0.829545,1.000000,0.965909,1.000000
mutation_6,passing,0.736846,0.000000,0.308411,0.757009,0.283951,0.839506,0.580645,0.784946,1.000000,0.602273,0.619835,0.876033,0.689076,0.823529,1.000000,1.000000,0.862385,1.000000,0.972477,1.000000
mutation_8,passing,0.719261,0.000000,0.296296,0.759259,0.265060,0.783133,0.586957,0.521739,1.000000,0.606061,0.608696,0.978261,0.630435,0.836957,1.000000,1.000000,0.827586,1.000000,0.965517,1.000000
mutation_9,passing,0.736659,0.000000,0.305556,0.759259,0.280488,0.829268,0.591398,0.784946,1.000000,0.602273,0.619835,0.876033,0.689076,0.823529,1.000000,1.000000,0.862385,1.000000,0.972477,1.000000
mutation_all_dif,passing,0.745460,0.000000,0.397849,0.784946,0.236842,0.815789,0.573034,0.808989,1.000000,0.619048,0.584746,0.864407,0.738739,0.850467,1.000000,1.000000,0.919192,1.000000,0.969697,1.000000
mutation_all_dif_2,passing,0.731239,0.000000,0.318182,0.763636,0.258824,0.823529,0.591837,0.816327,1.000000,0.559140,0.606299,0.842520,0.655738,0.819672,1.000000,1.000000,0.864865,1.000000,0.972973,1.000000
mutation_completely_dif,passing,0.675069,0.000000,0.329114,0.822785,0.227273,0.750000,0.578947,0.552632,1.000000,0.379630,0.622222,0.903704,0.383838,0.853535,1.000000,0.848837,0.646154,0.943590,0.984043,1.000000
mutation_completely_dif_2,passing,0.668321,0.000000,0.413793,0.844828,0.160000,0.588235,0.529412,0.720588,1.000000,0.507692,0.582418,0.956044,0.152941,0.911765,0.914286,0.929260,0.548969,0.948454,0.989418,1.000000
mutation_15,failing,0.735527,0.000000,0.305556,0.759259,0.280488,0.829268,0.569892,0.784946,1.000000,0.602273,0.619835,0.876033,0.689076,0.823529,1.000000,1.000000,0.862385,1.000000,0.972477,1.000000
mutation_18,failing,0.735833,0.000000,0.311927,0.761468,0.277108,0.831325,0.574468,0.787234,1.000000,0.584270,0.622951,0.877049,0.691667,0.825000,1.000000,1.000000,0.863636,1.000000,0.972727,1.000000
mutation_23,failing,0.735527,0.000000,0.305556,0.759259,0.280488,0.829268,0.569892,0.784946,1.000000,0.602273,0.619835,0.876033,0.689076,0.823529,1.000000,1.000000,0.862385,1.000000,0.972477,1.000000
mutation_24,failing,0.735527,0.000000,0.305556,0.759259,0.280488,0.829268,0.569892,0.784946,1.000000,0.602273,0.619835,0.876033,0.689076,0.823529,1.000000,1.000000,0.862385,1.000000,0.972477,1.000000
mutation_26,failing,0.735527,0.000000,0.305556,0.759259,0.280488,0.829268,0.569892,0.784946,1.000000,0.602273,0.619835,0.876033,0.689076,0.823529,1.000000,1.000000,0.862385,1.000000,0.972477,1.000000
mutation_31,failing,0.735527,0.000000,0.305556,0.759259,0.280488,0.829268,0.569892,0.784946,1.000000,0.602273,0.619835,0.876033,0.689076,0.823529,1.000000,1.000000,0.862385,1.000000,0.972477,1.000000
mutation_34,failing,0.735833,0.000000,0.311927,0.761468,0.277108,0.831325,0.574468,0.787234,1.000000,0.584270,0.622951,0.877049,0.691667,0.825000,1.000000,1.000000,0.863636,1.000000,0.972727,1.000000
mutation_40,failing,0.735527,0.000000,0.305556,0.759259,0.280488,0.829268,0.569892,0.784946,1.000000,0.602273,0.619835,0.876033,0.689076,0.823529,1.000000,1.000000,0.862385,1.000000,0.972477,1.000000
mutation_43,failing,0.735833,0.000000,0.311927,0.761468,0.277108,0.831325,0.574468,0.787234,1.000000,0.584270,0.622951,0.877049,0.691667,0.825000,1.000000,1.000000,0.863636,1.000000,0.972727,1.000000
mutation_44,failing,0.735833,0.000000,0.311927,0.761468,0.277108,0.831325,0.574468,0.787234,1.000000,0.584270,0.622951,0.877049,0.691667,0.825000,1.000000,1.000000,0.863636,1.000000,0.972727,1.000000
mutation_7,failing,0.735833,0.000000,0.311927,0.761468,0.277108,0.831325,0.574468,0.787234,1.000000,0.584270,0.622951,0.877049,0.691667,0.825000,1.000000,1.000000,0.863636,1.000000,0.972727,1.000000
